{
    "name": "pl_ingest_formula1_data",
    "properties": {
        "activities": [
            {
                "name": "Get Folder Details",
                "type": "GetMetadata",
                "dependsOn": [],
                "policy": {
                    "timeout": "0.12:00:00",
                    "retry": 0,
                    "retryIntervalInSeconds": 30,
                    "secureOutput": false,
                    "secureInput": false
                },
                "userProperties": [],
                "typeProperties": {
                    "dataset": {
                        "referenceName": "ds_formula1_raw",
                        "type": "DatasetReference",
                        "parameters": {
                            "p_window_end_date": {
                                "value": "@pipeline().parameters.p_window_end_date",
                                "type": "Expression"
                            }
                        }
                    },
                    "fieldList": [
                        "exists"
                    ],
                    "storeSettings": {
                        "type": "AzureBlobFSReadSettings",
                        "recursive": true,
                        "enablePartitionDiscovery": false
                    },
                    "formatSettings": {
                        "type": "JsonReadSettings"
                    }
                }
            },
            {
                "name": "If Folder Exists",
                "type": "IfCondition",
                "dependsOn": [
                    {
                        "activity": "Get Folder Details",
                        "dependencyConditions": [
                            "Succeeded"
                        ]
                    }
                ],
                "userProperties": [],
                "typeProperties": {
                    "expression": {
                        "value": "@activity('Get Folder Details').output.exists",
                        "type": "Expression"
                    },
                    "ifTrueActivities": [
                        {
                            "name": "Ingest Circuits File",
                            "type": "DatabricksNotebook",
                            "dependsOn": [],
                            "policy": {
                                "timeout": "20:00:00",
                                "retry": 0,
                                "retryIntervalInSeconds": 30,
                                "secureOutput": false,
                                "secureInput": false
                            },
                            "userProperties": [],
                            "typeProperties": {
                                "notebookPath": "/Formula1/ingestion/1.ingest_circuits_file",
                                "baseParameters": {
                                    "p_data_source": {
                                        "value": "@variables('v_data_source')",
                                        "type": "Expression"
                                    },
                                    "p_file_date": {
                                        "value": "@formatDateTime(pipeline().parameters.p_window_end_date,'yyyy-MM-dd')",
                                        "type": "Expression"
                                    }
                                }
                            },
                            "linkedServiceName": {
                                "referenceName": "ls_databricks_course_ws_yachubalaji",
                                "type": "LinkedServiceReference"
                            }
                        },
                        {
                            "name": "Ingest Races File",
                            "type": "DatabricksNotebook",
                            "dependsOn": [],
                            "policy": {
                                "timeout": "20:00:00",
                                "retry": 0,
                                "retryIntervalInSeconds": 30,
                                "secureOutput": false,
                                "secureInput": false
                            },
                            "userProperties": [],
                            "typeProperties": {
                                "notebookPath": "/Formula1/ingestion/2.ingest_races_file",
                                "baseParameters": {
                                    "p_data_source": {
                                        "value": "@variables('v_data_source')",
                                        "type": "Expression"
                                    },
                                    "p_file_date": {
                                        "value": "@formatDateTime(pipeline().parameters.p_window_end_date,'yyyy-MM-dd')",
                                        "type": "Expression"
                                    }
                                }
                            },
                            "linkedServiceName": {
                                "referenceName": "ls_databricks_course_ws_yachubalaji",
                                "type": "LinkedServiceReference"
                            }
                        },
                        {
                            "name": "Ingest Constructors File",
                            "type": "DatabricksNotebook",
                            "dependsOn": [],
                            "policy": {
                                "timeout": "20:00:00",
                                "retry": 0,
                                "retryIntervalInSeconds": 30,
                                "secureOutput": false,
                                "secureInput": false
                            },
                            "userProperties": [],
                            "typeProperties": {
                                "notebookPath": "/Formula1/ingestion/3.ingest_constructors_file",
                                "baseParameters": {
                                    "p_data_source": {
                                        "value": "@variables('v_data_source')",
                                        "type": "Expression"
                                    },
                                    "p_file_date": {
                                        "value": "@formatDateTime(pipeline().parameters.p_window_end_date,'yyyy-MM-dd')",
                                        "type": "Expression"
                                    }
                                }
                            },
                            "linkedServiceName": {
                                "referenceName": "ls_databricks_course_ws_yachubalaji",
                                "type": "LinkedServiceReference"
                            }
                        },
                        {
                            "name": "Ingest Drivers File",
                            "type": "DatabricksNotebook",
                            "dependsOn": [],
                            "policy": {
                                "timeout": "20:00:00",
                                "retry": 0,
                                "retryIntervalInSeconds": 30,
                                "secureOutput": false,
                                "secureInput": false
                            },
                            "userProperties": [],
                            "typeProperties": {
                                "notebookPath": "/Formula1/ingestion/4.ingest_drivers_file",
                                "baseParameters": {
                                    "p_data_source": {
                                        "value": "@variables('v_data_source')",
                                        "type": "Expression"
                                    },
                                    "p_file_date": {
                                        "value": "@formatDateTime(pipeline().parameters.p_window_end_date,'yyyy-MM-dd')",
                                        "type": "Expression"
                                    }
                                }
                            },
                            "linkedServiceName": {
                                "referenceName": "ls_databricks_course_ws_yachubalaji",
                                "type": "LinkedServiceReference"
                            }
                        },
                        {
                            "name": "Ingest Results File",
                            "type": "DatabricksNotebook",
                            "dependsOn": [],
                            "policy": {
                                "timeout": "20:00:00",
                                "retry": 0,
                                "retryIntervalInSeconds": 30,
                                "secureOutput": false,
                                "secureInput": false
                            },
                            "userProperties": [],
                            "typeProperties": {
                                "notebookPath": "/Formula1/ingestion/5.ingest_results_file",
                                "baseParameters": {
                                    "p_data_source": {
                                        "value": "@variables('v_data_source')",
                                        "type": "Expression"
                                    },
                                    "p_file_date": {
                                        "value": "@formatDateTime(pipeline().parameters.p_window_end_date,'yyyy-MM-dd')",
                                        "type": "Expression"
                                    }
                                }
                            },
                            "linkedServiceName": {
                                "referenceName": "ls_databricks_course_ws_yachubalaji",
                                "type": "LinkedServiceReference"
                            }
                        },
                        {
                            "name": "Ingest Pit Stops File",
                            "type": "DatabricksNotebook",
                            "dependsOn": [],
                            "policy": {
                                "timeout": "20:00:00",
                                "retry": 0,
                                "retryIntervalInSeconds": 30,
                                "secureOutput": false,
                                "secureInput": false
                            },
                            "userProperties": [],
                            "typeProperties": {
                                "notebookPath": "/Formula1/ingestion/6.ingest_pit_stops_file",
                                "baseParameters": {
                                    "p_data_source": {
                                        "value": "@variables('v_data_source')",
                                        "type": "Expression"
                                    },
                                    "p_file_date": {
                                        "value": "@formatDateTime(pipeline().parameters.p_window_end_date,'yyyy-MM-dd')",
                                        "type": "Expression"
                                    }
                                }
                            },
                            "linkedServiceName": {
                                "referenceName": "ls_databricks_course_ws_yachubalaji",
                                "type": "LinkedServiceReference"
                            }
                        },
                        {
                            "name": "Ingest Lap Times File",
                            "type": "DatabricksNotebook",
                            "dependsOn": [],
                            "policy": {
                                "timeout": "20:00:00",
                                "retry": 0,
                                "retryIntervalInSeconds": 30,
                                "secureOutput": false,
                                "secureInput": false
                            },
                            "userProperties": [],
                            "typeProperties": {
                                "notebookPath": "/Formula1/ingestion/7.ingest_lap_times_file",
                                "baseParameters": {
                                    "p_data_source": {
                                        "value": "@variables('v_data_source')",
                                        "type": "Expression"
                                    },
                                    "p_file_date": {
                                        "value": "@formatDateTime(pipeline().parameters.p_window_end_date,'yyyy-MM-dd')",
                                        "type": "Expression"
                                    }
                                }
                            },
                            "linkedServiceName": {
                                "referenceName": "ls_databricks_course_ws_yachubalaji",
                                "type": "LinkedServiceReference"
                            }
                        },
                        {
                            "name": "Ingest Qualifying File",
                            "type": "DatabricksNotebook",
                            "dependsOn": [],
                            "policy": {
                                "timeout": "20:00:00",
                                "retry": 0,
                                "retryIntervalInSeconds": 30,
                                "secureOutput": false,
                                "secureInput": false
                            },
                            "userProperties": [],
                            "typeProperties": {
                                "notebookPath": "/Formula1/ingestion/8.ingest_qualifying_file",
                                "baseParameters": {
                                    "p_data_source": {
                                        "value": "@variables('v_data_source')",
                                        "type": "Expression"
                                    },
                                    "p_file_date": {
                                        "value": "@formatDateTime(pipeline().parameters.p_window_end_date,'yyyy-MM-dd')",
                                        "type": "Expression"
                                    }
                                }
                            },
                            "linkedServiceName": {
                                "referenceName": "ls_databricks_course_ws_yachubalaji",
                                "type": "LinkedServiceReference"
                            }
                        }
                    ]
                }
            }
        ],
        "parameters": {
            "p_window_end_date": {
                "type": "string"
            }
        },
        "variables": {
            "v_data_source": {
                "type": "String",
                "defaultValue": "Ergast"
            }
        },
        "annotations": [],
        "lastPublishTime": "2024-09-01T21:48:47Z"
    },
    "type": "Microsoft.DataFactory/factories/pipelines"
}