{
    "name": "ds_formula1_raw",
    "properties": {
        "linkedServiceName": {
            "referenceName": "ds_formula1_storage",
            "type": "LinkedServiceReference"
        },
        "parameters": {
            "p_window_end_date": {
                "type": "string"
            }
        },
        "annotations": [],
        "type": "Json",
        "typeProperties": {
            "location": {
                "type": "AzureBlobFSLocation",
                "folderPath": {
                    "value": "@formatDateTime(dataset().p_window_end_date)",
                    "type": "Expression"
                },
                "fileSystem": "raw"
            }
        },
        "schema": {
            "type": "object",
            "properties": {
                "constructorId": {
                    "type": "integer"
                },
                "constructorRef": {
                    "type": "string"
                },
                "name": {
                    "type": "string"
                },
                "nationality": {
                    "type": "string"
                },
                "url": {
                    "type": "string"
                }
            }
        }
    },
    "type": "Microsoft.DataFactory/factories/datasets"
}