{
    "now": "2024-09-04T01:06:34.403Z",
    "perfNow": 168559,
    "diagnosticCorrelation": "e1e972f8-c866-43e5-b0f8-8c0a610114dd",
    "source": "DownloadSupportFiles",
    "environment": {
        "productName": "adf",
        "buildVersion": "1.0.081824.4",
        "environmentType": 3,
        "resourceName": "databricks-course-adf-yachubalaji",
        "resourceRegion": "eastus",
        "resourceGroup": "databrickscourse-rg",
        "subscriptionId": "5d280c45-565c-4a88-a44e-652f1a688175",
        "sessionId": "ich8kEVSe14+qDsSz+mDg2",
        "operationId": "",
        "gitType": "live",
        "loggingKey": "8a380190-03ef-4390-b8e7-5c7b9face539"
    },
    "additionalInfo": {
        "selectedResource": "pl_transform_formula1_data",
        "selectedResourceType": "pipeline"
    }
}