{
    "name": "tr_process_formula1_data",
    "properties": {
        "annotations": [],
        "runtimeState": "Started",
        "pipeline": {
            "pipelineReference": {
                "referenceName": "pl_process_formula1_data",
                "type": "PipelineReference"
            },
            "parameters": {
                "p_window_end_date": "@trigger().outputs.windowEndTime"
            }
        },
        "type": "TumblingWindowTrigger",
        "typeProperties": {
            "frequency": "Hour",
            "interval": 168,
            "startTime": "2021-04-25T22:01:00Z",
            "endTime": "2024-09-02T22:01:00Z",
            "delay": "00:00:00",
            "maxConcurrency": 1,
            "retryPolicy": {
                "intervalInSeconds": 30
            },
            "dependsOn": []
        }
    }
}