{
    "now": "2024-09-04T01:06:41.556Z",
    "perfNow": 175712.20000001788,
    "diagnosticCorrelation": "de2413ea-1768-4589-8513-9d7c5d9df0cf",
    "source": "DownloadSupportFiles",
    "environment": {
        "productName": "adf",
        "buildVersion": "1.0.081824.4",
        "environmentType": 3,
        "resourceName": "databricks-course-adf-yachubalaji",
        "resourceRegion": "eastus",
        "resourceGroup": "databrickscourse-rg",
        "subscriptionId": "5d280c45-565c-4a88-a44e-652f1a688175",
        "sessionId": "ich8kEVSe14+qDsSz+mDg2",
        "operationId": "",
        "gitType": "live",
        "loggingKey": "8a380190-03ef-4390-b8e7-5c7b9face539"
    },
    "additionalInfo": {
        "selectedResource": "ds_formula1_raw",
        "selectedResourceType": "dataset"
    }
}