{
    "name": "ls_databricks_course_ws_yachubalaji",
    "type": "Microsoft.DataFactory/factories/linkedservices",
    "properties": {
        "annotations": [],
        "type": "AzureDatabricks",
        "typeProperties": {
            "domain": "https://adb-1270618708882488.8.azuredatabricks.net",
            "authentication": "MSI",
            "workspaceResourceId": "/subscriptions/5d280c45-565c-4a88-a44e-652f1a688175/resourceGroups/databrickscourse-rg/providers/Microsoft.Databricks/workspaces/databrickscourse-wsa",
            "existingClusterId": "0811-185659-c97rbe3e"
        }
    }
}