{"$schema":"http://schema.management.azure.com/schemas/2015-01-01/deploymentTemplate.json#","contentVersion":"1.0.0.0","parameters":{"factoryName":{"type":"string","metadata":"Data Factory name"},"ls_databricks_course_ws_yachubalaji":{"type":"string"},"ds_formula1_storage":{"type":"string"}},"variables":{"factoryId":"[concat('Microsoft.DataFactory/factories/', parameters('factoryName'))]"},"resources":[{"name":"[concat(parameters('factoryName'), '/pl_transform_formula1_data')]","type":"Microsoft.DataFactory/factories/pipelines","apiVersion":"2018-06-01","properties":{"activities":[{"name":"Get Folder Details","type":"GetMetadata","dependsOn":[],"policy":{"timeout":"0.12:00:00","retry":0,"retryIntervalInSeconds":30,"secureOutput":false,"secureInput":false},"userProperties":[],"typeProperties":{"dataset":{"referenceName":"ds_formula1_raw","type":"DatasetReference","parameters":{"p_window_end_date":{"value":"@pipeline().parameters.p_window_end_date","type":"Expression"}}},"fieldList":["exists"],"storeSettings":{"type":"AzureBlobFSReadSettings","recursive":true,"enablePartitionDiscovery":false},"formatSettings":{"type":"JsonReadSettings"}}},{"name":"If Folder Exists","type":"IfCondition","dependsOn":[{"activity":"Get Folder Details","dependencyConditions":["Succeeded"]}],"userProperties":[],"typeProperties":{"expression":{"value":"@activity('Get Folder Details').output.exists","type":"Expression"},"ifTrueActivities":[{"name":"trans race results","type":"DatabricksNotebook","dependsOn":[],"policy":{"timeout":"20:00:00","retry":0,"retryIntervalInSeconds":30,"secureOutput":false,"secureInput":false},"userProperties":[],"typeProperties":{"notebookPath":"/Formula1/trans/1.race_results","baseParameters":{"p_file_date":{"value":"@formatDateTime(pipeline().parameters.p_window_end_date,'yyyy-MM-dd')","type":"Expression"}}},"linkedServiceName":{"referenceName":"[parameters('ls_databricks_course_ws_yachubalaji')]","type":"LinkedServiceReference"}},{"name":"trans driver standings","type":"DatabricksNotebook","dependsOn":[{"activity":"trans race results","dependencyConditions":["Succeeded"]}],"policy":{"timeout":"20:00:00","retry":0,"retryIntervalInSeconds":30,"secureOutput":false,"secureInput":false},"userProperties":[],"typeProperties":{"notebookPath":"/Formula1/trans/2.driver_standings","baseParameters":{"p_file_date":{"value":"@formatDateTime(pipeline().parameters.p_window_end_date,'yyyy-MM-dd')","type":"Expression"}}},"linkedServiceName":{"referenceName":"[parameters('ls_databricks_course_ws_yachubalaji')]","type":"LinkedServiceReference"}},{"name":"trans constructor standings","type":"DatabricksNotebook","dependsOn":[{"activity":"trans driver standings","dependencyConditions":["Succeeded"]}],"policy":{"timeout":"20:00:00","retry":0,"retryIntervalInSeconds":30,"secureOutput":false,"secureInput":false},"userProperties":[],"typeProperties":{"notebookPath":"/Formula1/trans/3.constructor_standings","baseParameters":{"p_file_date":{"value":"@formatDateTime(pipeline().parameters.p_window_end_date,'yyyy-MM-dd')","type":"Expression"}}},"linkedServiceName":{"referenceName":"[parameters('ls_databricks_course_ws_yachubalaji')]","type":"LinkedServiceReference"}},{"name":"trans calculated race results","type":"DatabricksNotebook","dependsOn":[],"policy":{"timeout":"20:00:00","retry":0,"retryIntervalInSeconds":30,"secureOutput":false,"secureInput":false},"userProperties":[],"typeProperties":{"notebookPath":"/Formula1/trans/4.calculated_race_results","baseParameters":{"p_file_date":{"value":"@formatDateTime(pipeline().parameters.p_window_end_date,'yyyy-MM-dd')","type":"Expression"}}},"linkedServiceName":{"referenceName":"[parameters('ls_databricks_course_ws_yachubalaji')]","type":"LinkedServiceReference"}}]}}],"policy":{"elapsedTimeMetric":{}},"parameters":{"p_window_end_date":{"type":"string"}},"variables":{"v_data_source":{"type":"String","defaultValue":"Ergast"}},"annotations":[],"lastPublishTime":"2024-09-01T22:01:16Z"},"dependsOn":["[concat(variables('factoryId'), '/datasets/ds_formula1_raw')]"]},{"name":"[concat(parameters('factoryName'), '/ds_formula1_raw')]","type":"Microsoft.DataFactory/factories/datasets","apiVersion":"2018-06-01","properties":{"linkedServiceName":{"referenceName":"[parameters('ds_formula1_storage')]","type":"LinkedServiceReference"},"parameters":{"p_window_end_date":{"type":"string"}},"annotations":[],"type":"Json","typeProperties":{"location":{"type":"AzureBlobFSLocation","folderPath":{"value":"@formatDateTime(dataset().p_window_end_date)","type":"Expression"},"fileSystem":"raw"}},"schema":{"type":"object","properties":{"constructorId":{"type":"integer"},"constructorRef":{"type":"string"},"name":{"type":"string"},"nationality":{"type":"string"},"url":{"type":"string"}}}},"dependsOn":[]}]}